{
  "id": "",
  "name": "",
  "font_family": "iconfont",
  "css_prefix_text": "icon-",
  "description": "",
  "glyphs": [
    {
      "icon_id": "579520",
      "name": "相机1",
      "font_class": "xiangji1",
      "unicode": "e77f",
      "unicode_decimal": 59263
    },
    {
      "icon_id": "880323",
      "name": "home",
      "font_class": "home",
      "unicode": "e6af",
      "unicode_decimal": 59055
    },
    {
      "icon_id": "880404",
      "name": "user",
      "font_class": "user",
      "unicode": "e6bc",
      "unicode_decimal": 59068
    },
    {
      "icon_id": "4765891",
      "name": "setting",
      "font_class": "setting",
      "unicode": "e78e",
      "unicode_decimal": 59278
    },
    {
      "icon_id": "25972397",
      "name": "chat",
      "font_class": "chat",
      "unicode": "e615",
      "unicode_decimal": 58901
    }
  ]
}
